{
  "images": 8,
  "preprocess_ms": {
    "min": 1.559399999678135,
    "mean": 10.761674997411319,
    "median": 7.220200001029298,
    "max": 36.0202999872854
  },
  "encrypt_ms": {
    "min": 5.728299991460517,
    "mean": 6.490762500106939,
    "median": 6.449749998864718,
    "max": 7.411800004774705
  },
  "encrypted_dot_ms": {
    "min": 7.527699999627657,
    "mean": 8.300137498736149,
    "median": 8.373599994229153,
    "max": 8.880000008502975
  },
  "decrypt_ms": {
    "min": 0.7059999916236848,
    "mean": 0.7405999967886601,
    "median": 0.7441999987349845,
    "max": 0.756199995521456
  },
  "total_encrypted_ms": {
    "min": 14.442300001974218,
    "mean": 15.531499995631748,
    "median": 15.419799987284932,
    "max": 16.762000013841316
  },
  "abs_logit_error": {
    "min": 1.9703737797610588e-07,
    "mean": 2.5441514504669083e-07,
    "median": 2.577169827822079e-07,
    "max": 3.0753343172040815e-07
  },
  "ciphertext_bytes": {
    "min": 334223.0,
    "mean": 334351.375,
    "median": 334389.5,
    "max": 334432.0
  }
}