image,preprocess_ms,encrypt_ms,encrypted_dot_ms,decrypt_ms,total_encrypted_ms,plaintext_probability,encrypted_probability,abs_logit_error,ciphertext_bytes,triage_flag
D:\Study\FHE4CV-Lab-IML\data\chestxray_sample\000001-1.jpg,36.0202999872854,7.411800004774705,8.435199997620657,0.7440000044880435,16.591000006883405,0.49156710221773814,0.49156703521695666,2.680793831436046e-07,334398,False
D:\Study\FHE4CV-Lab-IML\data\chestxray_sample\000001-1.png,7.817400008207187,6.158400006825104,7.527699999627657,0.756199995521456,14.442300001974218,0.43698071970422514,0.43698065841609957,2.491097944590237e-07,334398,False
D:\Study\FHE4CV-Lab-IML\data\chestxray_sample\000001-10.jpg,15.589599992381409,6.437899995944463,8.563099996536039,0.7535999902756885,15.75459998275619,0.399018737370764,0.39901867350548786,2.663241711053921e-07,334432,False
D:\Study\FHE4CV-Lab-IML\data\chestxray_sample\000001-11.jpg,6.622999993851408,6.517999994684942,8.880000008502975,0.7336999988183379,16.131700002006255,0.367684846353445,0.36768477485417,3.0753343172040815e-07,334386,False
D:\Study\FHE4CV-Lab-IML\data\chestxray_sample\000001-12.jpg,3.942700001061894,7.143000009818934,8.86739999987185,0.7516000041505322,16.762000013841316,0.5051576732507453,0.5051576239966423,1.9703737797610588e-07,334393,True
D:\Study\FHE4CV-Lab-IML\data\chestxray_sample\000001-13.jpg,1.7625000036787242,5.728299991460517,8.311999990837649,0.7059999916236848,14.74629997392185,0.49714629713326797,0.4971462404292599,2.2682342087909646e-07,334238,False
D:\Study\FHE4CV-Lab-IML\data\chestxray_sample\000001-14.jpg,1.559399999678135,6.067099995561875,7.936699999845587,0.7352999964496121,14.739099991857074,0.46441758607237027,0.4644175260795659,2.4119272382105983e-07,334223,False
D:\Study\FHE4CV-Lab-IML\data\chestxray_sample\000001-15.jpg,12.778499993146397,6.461600001784973,7.878999997046776,0.7443999929819256,15.084999991813675,0.4300618345798805,0.4300617661404337,2.7922085726883594e-07,334343,False
