image,plaintext_probability,encrypted_probability,abs_logit_error,triage_flag
data\chestxray_sample\000001-1.jpg,0.49156710221773814,0.4915670242888221,3.118043593042241e-07,False
data\chestxray_sample\000001-1.png,0.43698071970422514,0.4369806372068054,3.3531642829043307e-07,False
data\chestxray_sample\000001-10.jpg,0.399018737370764,0.39901864958719174,3.660657053039529e-07,False
data\chestxray_sample\000001-11.jpg,0.367684846353445,0.3676847504767264,4.123859536075969e-07,False
data\chestxray_sample\000001-12.jpg,0.5051576732507453,0.5051575948768683,3.135288693667526e-07,True
data\chestxray_sample\000001-13.jpg,0.49714629713326797,0.4971462134406749,3.3478127824115855e-07,False
data\chestxray_sample\000001-14.jpg,0.46441758607237027,0.4644175054701367,3.240500677237357e-07,False
data\chestxray_sample\000001-15.jpg,0.4300618345798805,0.4300617492579871,3.480982597725557e-07,False
